Name,Link
test,https://github.com/harshvardhankulkarni/test
Weather-App,https://github.com/harshvardhankulkarni/Weather-App
Reposity-Scraper,https://github.com/harshvardhankulkarni/Reposity-Scraper
Chat-Room-Test,https://github.com/harshvardhankulkarni/Chat-Room-Test
harshvardhankulkarni,https://github.com/harshvardhankulkarni/harshvardhankulkarni
Food-Order-Website,https://github.com/harshvardhankulkarni/Food-Order-Website
harsh-blog,https://github.com/harshvardhankulkarni/harsh-blog
CSS-CV-Design,https://github.com/harshvardhankulkarni/CSS-CV-Design
Personal-CV,https://github.com/harshvardhankulkarni/Personal-CV
Indian-States-Game,https://github.com/harshvardhankulkarni/Indian-States-Game
Flash-Card-Project,https://github.com/harshvardhankulkarni/Flash-Card-Project
Password-Manager,https://github.com/harshvardhankulkarni/Password-Manager
NATO-Alphabet,https://github.com/harshvardhankulkarni/NATO-Alphabet
US-States-Game,https://github.com/harshvardhankulkarni/US-States-Game
Mail-Merge-Project,https://github.com/harshvardhankulkarni/Mail-Merge-Project
Snake-Game,https://github.com/harshvardhankulkarni/Snake-Game
Coffee-Machine-Project,https://github.com/harshvardhankulkarni/Coffee-Machine-Project
Caesar-Cipher-or-Shift-Cipher,https://github.com/harshvardhankulkarni/Caesar-Cipher-or-Shift-Cipher
Turtle-Race,https://github.com/harshvardhankulkarni/Turtle-Race
Hirst-Painting,https://github.com/harshvardhankulkarni/Hirst-Painting
Temperature-Converter,https://github.com/harshvardhankulkarni/Temperature-Converter
TicTacToe-Game,https://github.com/harshvardhankulkarni/TicTacToe-Game
Clock,https://github.com/harshvardhankulkarni/Clock
Calculator,https://github.com/harshvardhankulkarni/Calculator
StopWatch,https://github.com/harshvardhankulkarni/StopWatch
TextEditor,https://github.com/harshvardhankulkarni/TextEditor
Digital-clock-java,https://github.com/harshvardhankulkarni/Digital-clock-java
Java-Patterns,https://github.com/harshvardhankulkarni/Java-Patterns
